-- Generated from createWorld(42). Do not edit by hand.
BEGIN;
CREATE TEMP TABLE _driver_connect_snapshot AS SELECT id, stripe_payout_account_id FROM drivers;
TRUNCATE policy_evaluations, customer_notifications, simulation_events, ledger, agent_decisions, incidents, orders, vehicles, drivers, customer_locations, pickup_hubs CASCADE;
INSERT INTO pickup_hubs (id, name, lat, lng) VALUES ('hub-north', 'North Pickup Hub', 37.789, -122.4015);
INSERT INTO pickup_hubs (id, name, lat, lng) VALUES ('hub-south', 'South Pickup Hub', 37.7815, -122.3995);
INSERT INTO customer_locations (id, name, lat, lng) VALUES ('customer-1', 'Customer 1', 37.786, -122.403);
INSERT INTO customer_locations (id, name, lat, lng) VALUES ('customer-2', 'Customer 2', 37.787, -122.3975);
INSERT INTO customer_locations (id, name, lat, lng) VALUES ('customer-3', 'Customer 3', 37.7815, -122.4025);
INSERT INTO customer_locations (id, name, lat, lng) VALUES ('customer-4', 'Customer 4', 37.7905, -122.3968);
INSERT INTO customer_locations (id, name, lat, lng) VALUES ('customer-5', 'Customer 5', 37.7825, -122.396);
INSERT INTO customer_locations (id, name, lat, lng) VALUES ('customer-6', 'Customer 6', 37.791, -122.4035);
INSERT INTO customer_locations (id, name, lat, lng) VALUES ('customer-7', 'Customer 7', 37.784, -122.404);
INSERT INTO customer_locations (id, name, lat, lng) VALUES ('customer-8', 'Customer 8', 37.7875, -122.4045);
INSERT INTO customer_locations (id, name, lat, lng) VALUES ('customer-9', 'Customer 9', 37.7845, -122.401);
INSERT INTO customer_locations (id, name, lat, lng) VALUES ('customer-10', 'Customer 10', 37.7888, -122.402);
INSERT INTO drivers (id, name, vehicle_id, stripe_payout_account_id) VALUES ('driver-1', 'Alex', 'vehicle-1', (SELECT stripe_payout_account_id FROM _driver_connect_snapshot WHERE id = 'driver-1'));
INSERT INTO drivers (id, name, vehicle_id, stripe_payout_account_id) VALUES ('driver-2', 'Jordan', 'vehicle-2', (SELECT stripe_payout_account_id FROM _driver_connect_snapshot WHERE id = 'driver-2'));
INSERT INTO drivers (id, name, vehicle_id, stripe_payout_account_id) VALUES ('driver-3', 'Sam', 'vehicle-3', (SELECT stripe_payout_account_id FROM _driver_connect_snapshot WHERE id = 'driver-3'));
INSERT INTO drivers (id, name, vehicle_id, stripe_payout_account_id) VALUES ('driver-4', 'Taylor', 'vehicle-4', (SELECT stripe_payout_account_id FROM _driver_connect_snapshot WHERE id = 'driver-4'));
INSERT INTO drivers (id, name, vehicle_id, stripe_payout_account_id) VALUES ('driver-5', 'Casey', 'vehicle-5', (SELECT stripe_payout_account_id FROM _driver_connect_snapshot WHERE id = 'driver-5'));
INSERT INTO drivers (id, name, vehicle_id, stripe_payout_account_id) VALUES ('driver-6', 'Morgan', 'vehicle-6', (SELECT stripe_payout_account_id FROM _driver_connect_snapshot WHERE id = 'driver-6'));
INSERT INTO drivers (id, name, vehicle_id, stripe_payout_account_id) VALUES ('driver-7', 'Riley', 'vehicle-7', (SELECT stripe_payout_account_id FROM _driver_connect_snapshot WHERE id = 'driver-7'));
INSERT INTO drivers (id, name, vehicle_id, stripe_payout_account_id) VALUES ('driver-8', 'Quinn', 'vehicle-8', (SELECT stripe_payout_account_id FROM _driver_connect_snapshot WHERE id = 'driver-8'));
INSERT INTO vehicles (id, driver_id, route, route_status, status, speed_mps, frozen_at_seconds) VALUES ('vehicle-1', 'driver-1', '[[-122.4015,37.789],[-122.4016910685017,37.78876022503966],[-122.40188213700341,37.78852045007931],[-122.40207899545972,37.78827340921108],[-122.40238292695801,37.78752318417143],[-122.4026868584563,37.78677295913177],[-122.403,37.786],[-122.400954,37.787485000000004],[-122.398908,37.78897],[-122.3968,37.7905],[-122.398351,37.790005],[-122.399902,37.78951],[-122.4015,37.789],[-122.40249,37.788505],[-122.40348,37.78801],[-122.4045,37.7875]]'::jsonb, 'normal', 'en_route', 8, NULL);
INSERT INTO vehicles (id, driver_id, route, route_status, status, speed_mps, frozen_at_seconds) VALUES ('vehicle-2', 'driver-2', '[[-122.3995,37.7815],[-122.39949927780714,37.78164779671819],[-122.39949855561427,37.781795593436385],[-122.39949781153678,37.781947868843005],[-122.40048853372964,37.78180007212482],[-122.40147925592251,37.78165227540662],[-122.4025,37.7815],[-122.40283,37.784635],[-122.40316,37.787769999999995],[-122.4035,37.791],[-122.40218,37.787865],[-122.40086,37.784729999999996],[-122.3995,37.7815],[-122.40032500000001,37.783909],[-122.40115,37.786318],[-122.402,37.7888]]'::jsonb, 'normal', 'en_route', 8, NULL);
INSERT INTO vehicles (id, driver_id, route, route_status, status, speed_mps, frozen_at_seconds) VALUES ('vehicle-3', 'driver-3', '[[-122.4015,37.789],[-122.40139048531056,37.78860704361796],[-122.40128097062112,37.788214087235914],[-122.40116813730472,37.787809223084714],[-122.39946265199417,37.78605717946676],[-122.3977571666836,37.784305135848804],[-122.396,37.7825],[-122.398805,37.78415],[-122.40161,37.7858],[-122.4045,37.7875],[-122.40351,37.787995],[-122.40252,37.78849],[-122.4015,37.789],[-122.40017999999999,37.78834],[-122.39886,37.78768],[-122.3975,37.787]]'::jsonb, 'normal', 'en_route', 8, NULL);
INSERT INTO vehicles (id, driver_id, route, route_status, status, speed_mps, frozen_at_seconds) VALUES ('vehicle-4', 'driver-4', '[[-122.3995,37.7815],[-122.39952892589551,37.78176717124132],[-122.399557851791,37.782034342482646],[-122.3995876542288,37.782309609822185],[-122.40104372833329,37.782867438580865],[-122.40249980243779,37.783425267339545],[-122.404,37.784],[-122.40334,37.785584],[-122.40268,37.787168],[-122.402,37.7888],[-122.401175,37.786391],[-122.40035,37.783982],[-122.3995,37.7815],[-122.39860900000001,37.78447],[-122.397718,37.787440000000004],[-122.3968,37.7905]]'::jsonb, 'normal', 'en_route', 8, NULL);
INSERT INTO vehicles (id, driver_id, route, route_status, status, speed_mps, frozen_at_seconds) VALUES ('vehicle-5', 'driver-5', '[[-122.4015,37.789],[-122.40194430282637,37.789073120600506],[-122.40238860565273,37.78914624120102],[-122.40284637220111,37.789221577577294],[-122.40223706937475,37.78766345697679],[-122.40162776654837,37.78610533637628],[-122.401,37.7845],[-122.399845,37.785325],[-122.39868999999999,37.78615],[-122.3975,37.787],[-122.39882,37.78766],[-122.40014,37.78832],[-122.4015,37.789],[-122.40216,37.78966],[-122.40281999999999,37.79032],[-122.4035,37.791]]'::jsonb, 'normal', 'en_route', 8, NULL);
INSERT INTO vehicles (id, driver_id, route, route_status, status, speed_mps, frozen_at_seconds) VALUES ('vehicle-6', 'driver-6', '[[-122.3995,37.7815],[-122.39996377742393,37.781315429141586],[-122.40042755484787,37.78113085828318],[-122.40090538613312,37.78094069436845],[-122.40159660870918,37.78261026522686],[-122.40228783128526,37.784279836085275],[-122.403,37.786],[-122.400954,37.787485000000004],[-122.398908,37.78897],[-122.3968,37.7905],[-122.397691,37.787530000000004],[-122.398582,37.78456],[-122.3995,37.7815],[-122.40115,37.783480000000004],[-122.4028,37.78546],[-122.4045,37.7875]]'::jsonb, 'normal', 'en_route', 8, NULL);
INSERT INTO vehicles (id, driver_id, route, route_status, status, speed_mps, frozen_at_seconds) VALUES ('vehicle-7', 'driver-7', '[[-122.4015,37.789],[-122.40193383642149,37.788751065693674],[-122.40236767284298,37.78850213138735],[-122.4028146558227,37.788245653617196],[-122.40271081940121,37.78601958792352],[-122.40260698297972,37.78379352222985],[-122.4025,37.7815],[-122.40283,37.784635],[-122.40316,37.787769999999995],[-122.4035,37.791],[-122.40284,37.79034],[-122.40218,37.78968],[-122.4015,37.789],[-122.401665,37.788934000000005],[-122.40183,37.788868],[-122.402,37.7888]]'::jsonb, 'normal', 'en_route', 8, NULL);
INSERT INTO vehicles (id, driver_id, route, route_status, status, speed_mps, frozen_at_seconds) VALUES ('vehicle-8', 'driver-8', '[[-122.3995,37.7815],[-122.39921928817978,37.781524025800195],[-122.39893857635954,37.781548051600396],[-122.39864935812052,37.78157280545514],[-122.39777506994075,37.781878779654946],[-122.39690078176098,37.78218475385475],[-122.396,37.7825],[-122.398805,37.78415],[-122.40161,37.7858],[-122.4045,37.7875],[-122.40285,37.78552],[-122.4012,37.78354],[-122.3995,37.7815],[-122.39884,37.783315],[-122.39818,37.78513],[-122.3975,37.787]]'::jsonb, 'normal', 'en_route', 8, NULL);
INSERT INTO orders (id, customer_id, pickup_hub_id, vehicle_id, status, revenue_cents) VALUES ('order-1', 'customer-1', 'hub-north', 'vehicle-3', 'in_transit', 1400);
INSERT INTO orders (id, customer_id, pickup_hub_id, vehicle_id, status, revenue_cents) VALUES ('order-2', 'customer-2', 'hub-north', 'vehicle-3', 'in_transit', 1400);
INSERT INTO orders (id, customer_id, pickup_hub_id, vehicle_id, status, revenue_cents) VALUES ('order-3', 'customer-3', 'hub-south', 'vehicle-3', 'in_transit', 1400);
INSERT INTO orders (id, customer_id, pickup_hub_id, vehicle_id, status, revenue_cents) VALUES ('order-4', 'customer-4', 'hub-south', 'vehicle-1', 'in_transit', 1400);
-- breakdown target vehicle: vehicle-3
COMMIT;
